"D","Date1","Date2","於","count"
"2021/11/7`2021/11/13","2021/11/7","2021/11/13","",4
"2021/11/7`2021/11/13","2021/11/7","2021/11/13","k",7
"2021/11/7`2021/11/13","2021/11/7","2021/11/13","",6
"2021/11/7`2021/11/13","2021/11/7","2021/11/13","΋",4
"2021/11/7`2021/11/13","2021/11/7","2021/11/13","ʋ",4
"2021/11/7`2021/11/13","2021/11/7","2021/11/13","L",4
"2021/11/7`2021/11/13","2021/11/7","2021/11/13","c",0
"2021/11/7`2021/11/13","2021/11/7","2021/11/13","",0
"2021/11/7`2021/11/13","2021/11/7","2021/11/13","",4
"2021/11/7`2021/11/13","2021/11/7","2021/11/13","",0
